0,0
1.151,0.0
2.109,0.0
2.958,0.0
3.8089999999999997,0.0
4.659,8.743948339709292e-05
5.428999999999999,0.0006010902153829642
6.147,0.002098798720903364
6.867999999999999,0.005123283144715035
7.598,0.010053868036945275
8.318,0.01712256757765128
9.009,0.026516730463622882
9.658,0.038469844239452704
10.328,0.05328293062660736
10.969000000000001,0.07131370402632473
11.619000000000002,0.09293736654398167
12.259,0.11848267169546775
12.908,0.14820494848451873
13.549000000000001,0.1823210811992492
14.199000000000002,0.22104058804738452
14.839,0.2644764481545181
15.488,0.312537992699695
16.148,0.36498368721179886
16.789,0.42152713100394246
17.438,0.4819017852935795
18.088,0.5458888270890934
18.748,0.613253976409459
19.387999999999998,0.6836919521541577
20.038,0.7568655173086561
20.698,0.8323819316643333
21.348000000000003,0.9096852430700308
21.989,0.9881083538790524
22.648000000000003,1.0670364912203167
23.299,1.1459053990517207
23.949,1.224170359890905
24.609,1.3013954455917314
25.248,1.3772732411525466
25.899,1.451553932664389
26.538,1.524040701033585
27.182,1.5946436115943443
27.84,1.6633389398907323
28.488000000000003,1.73007453036862
29.129,1.794803138629501
29.79,1.8575118108846693
30.429000000000002,1.9181018136155858
31.079,1.9762833938430786
31.719,2.0317467499718678
32.369,2.0846919328853453
33.009,2.1362049524650217
33.658,2.1879998100130362
34.308,2.241923694047657
34.958,2.2997815309369516
35.599000000000004,2.3635017565320378
36.258,2.435426889848963
36.897,2.5185079247273467
37.559,2.6162374587222783
38.209,2.732381924728729
38.868,2.870684276837524
39.51,3.0346010897494273
40.149,3.2271011405201526
40.798,3.450607235345596
41.449,3.7070940618064236
42.089,3.9982064427828896
42.729,4.325278209783678
43.379,4.689263367899964
44.019,5.090707088595864
44.668,5.52986871954218
45.309,6.0068614395556486
45.958,6.521630727948839
46.608000000000004,7.073878321242047
47.248999999999995,7.662997000726246
47.887,8.287928040486221
48.538999999999994,8.947009889549062
49.187,9.637936955092004
49.82899999999999,10.357815934199683
50.468,11.103191312682082
51.129,11.869927031429606
51.768,12.653108063261945
52.428999999999995,13.447164474590142
53.07899999999999,14.246016062615634
53.728,15.04311761466157
54.368,15.831649476696375
55.028999999999996,16.604834941293323
55.678999999999995,17.356104830410175
56.318999999999996,18.079126069981395
56.968,18.767943228044977
57.598,19.41721855291656
58.228,20.022352955377073
58.868,20.579471793933017
59.508,21.085378805208876
60.169,21.5375112665155
60.828,21.93389642479282
61.468999999999994,22.2731092229973
62.119,22.554231351716638
62.758,22.776811650382683
63.408,22.940827878952312
64.05,23.0466790238607
64.699,23.095437661867372
65.348,23.089387960068198
65.988,23.03217014204324
66.62899999999999,22.92825591651387
67.289,22.782449599916678
67.94,22.599881807957363
68.589,22.386291777879354
69.229,22.14821227051178
69.87899999999999,21.892775557770122
70.528,21.6271865251174
71.168,21.358284940459846
71.808,21.092364519189797
72.458,20.83504502572396
73.108,20.59119223876006
73.749,20.364939180514142
74.399,20.15973837279765
75.039,19.97841208600089
75.688,19.82322974451424
76.329,19.695979698342075
76.979,19.597948174837548
77.619,19.529816644021363
78.26899999999999,19.491488123961087
78.898,19.481881415388777
79.548,19.498873664511137
80.19800000000001,19.539490983763702
80.848,19.600141760516433
81.488,19.676682026696366
82.13799999999999,19.76444896145968
82.77799999999999,19.85847019238993
83.449,19.953768382858186
84.088,20.045514456375052
84.73899999999999,20.129075327862367
85.389,20.200172232479012
86.039,20.255047911283114
86.678,20.29049453263668
87.329,20.30381675838413
87.979,20.29279605787243
88.62,20.255656271873065
89.272,20.19103042712421
89.91799999999999,20.097928800731182
90.55799999999999,19.97570823207186
91.21799999999999,19.824042678176795
91.868,19.642895006814115
92.51799999999999,19.43251916622337
93.178,19.193605646067727
93.818,18.927639581310594
94.46799999999999,18.637210411925565
95.119,18.32592654313677
95.758,17.99804033697703
96.40799999999999,17.65805340753958
97.04899999999999,17.310453103100915
97.7,16.959712341331315
98.338,16.610317672891295
98.988,16.266530566373927
99.62799999999999,15.932090097786139
100.27799999999999,15.610157723125711
100.94,15.303534373380657
101.59899999999999,15.0148830354517
102.23899999999999,14.74669225926398
102.889,14.501128082626376
103.539,14.280051027522443
104.177,14.085178618875652
104.829,13.918141913086949
105.469,13.780360722365636
106.118,13.672905641099316
106.757,13.596407815080017
107.40899999999999,13.551011576255586
108.05799999999999,13.536394486210703
108.699,13.551817642907894
109.338,13.596173259609403
109.98899999999999,13.668029576695647
110.639,13.765644022436446
111.27799999999999,13.886948349090494
111.91799999999999,14.029596678213283
112.55799999999999,14.191068739021464
113.22,14.36867533536899
113.868,14.559390148787253
114.508,14.759646281431783
115.15899999999999,14.965307340764308
115.79799999999999,15.171851088341786
116.449,15.374651856717048
117.089,15.569260591382655
117.738,15.75162241892179
118.38,15.918179146134836
119.029,16.06586941621408
119.679,16.192096785372264
120.318,16.294698779967998
120.969,16.371916943112865
121.609,16.42236787844179
122.259,16.445015297290556
122.9,16.439143073976688
123.538,16.404329312245807
124.199,16.340421424246287
124.84899999999999,16.247512221650364
125.48899999999999,16.1259170167681
126.139,15.97615172971826
126.779,15.798911995942554
127.43,15.595053266590405
128.06799999999998,15.365571892573133
128.719,15.111587181399912
129.359,14.834324414273404
130.01,14.535098809348977
130.648,14.215300415555674
131.299,13.8763799199462
131.94,13.519835350192611
132.59,13.147199652578916
133.22899999999998,12.760029124665046
133.879,12.359892680711852
134.518,11.948361926965713
135.16899999999998,11.527002023005984
135.809,11.097363304559178
136.458,10.660973642481117
137.09799999999998,10.219331512001581
137.748,9.773899745814553
138.389,9.32609994417966
139.039,8.877307514874907
139.689,8.428847315605278
140.328,7.981989871323684
140.969,7.537948138857164
141.619,7.097874791249264
142.259,6.662859994325656
142.909,6.2339296481608635
143.548,5.8120440663657575
144.19899999999998,5.39809706642432
144.849,4.992915444680319
145.488,4.597258810005757
146.128,4.21181975066926
146.779,3.837224309459902
147.429,3.4740327427060347
148.069,3.122740539455588
148.719,2.78377967774974
149.359,2.457520095621943
150.00799999999998,2.1442713551849586
150.649,1.8442844789259034
151.298,1.5577539381095855
151.955,1.2848197739898066
152.59799999999998,1.0255698333433032
153.238,0.78004210066808
153.889,0.5482271102236873
154.529,0.33007042193234115
155.178,0.1254751460035629
155.819,-0.06569549801165925
156.469,-0.24361560119110948
157.109,-0.4084939768556815
157.75799999999998,-0.5605715756216011
158.398,-0.7001189148690244
159.048,-0.827433532802959
159.688,-0.9428374764946468
160.339,-1.0466748325203055
160.97799999999998,-1.1393093080610972
161.629,-1.221121869594922
162.267,-1.2925084455984481
162.91899999999998,-1.3538776989879344
163.56799999999998,-1.4056488743609088
164.208,-1.4482497244585941
164.868,-1.482114519651887
165.50900000000001,-1.5076821436623669
166.148,-1.525394278164753
166.799,-1.535693678378867
167.44799999999998,-1.5390225412477587
168.08900000000003,-1.53582096731441
168.729,-1.5265255169524123
169.389,-1.5115678611761707
170.028,-1.4913735268534314
170.67700000000002,-1.4663607357670028
171.329,-1.4369393366231913
171.96900000000002,-1.4035098287812806
172.61900000000003,-1.3664624761809465
173.25900000000001,-1.3261765096722686
173.908,-1.283019415705429
174.548,-1.2373463091136379
175.199,-1.1894993875226163
175.838,-1.1398074647423986
176.488,-1.0885855803414963
177.128,-1.036134682468837
177.77900000000002,-0.9827413808745109
178.419,-0.9286777669853774
179.06900000000002,-0.8742012978151639
179.709,-0.819554740429906
180.36,-0.7649661736475872
181.00799999999998,-0.7106490436246995
181.649,-0.6568022699712832
182.28900000000002,-0.603610399038905
182.94099999999997,-0.5512438010420926
183.579,-0.4998589077020823
184.22799999999998,-0.4495984871414531
184.868,-0.4005919528084556
185.519,-0.35295570326973613
186.168,-0.3067934897788638
186.81900000000002,-0.2621968086047678
187.458,-0.2192453151880892
188.108,-0.17800725728375716
188.75,-0.13853992434407025
189.40900000000002,-0.10089011049746233
190.049,-0.06509458858325956
190.68900000000002,-0.03118059281141694
191.33,0.0008336922721902534
191.97799999999998,0.03093863872046729
192.62900000000002,0.05913268010976166
193.269,0.08542181642773171
193.91,0.10981912078032943
194.55900000000003,0.132344249656346
195.209,0.1530229583708578
195.84900000000002,0.17188662319258208
196.489,0.18897177154501354
197.14,0.20437791454657145
197.78900000000002,0.21855123790892533
198.43900000000002,0.23267788363835232
199.078,0.2487336369972173
199.729,0.2692300526348278
200.368,0.2969569200884514
201.018,0.3346650239259536
201.669,0.38475686905042095
202.308,0.4491033562668368
202.949,0.5289438488107874
203.59900000000002,0.6249772438491809
204.248,0.7376209508740477
204.888,0.8671246553860105
205.528,1.013526080512635
206.179,1.176759245135089
206.828,1.35683814821367
207.479,1.553784999413
208.11900000000003,1.7674502750635503
208.75799999999998,1.997588487750538
209.40900000000002,2.24407149753655
210.05900000000003,2.506871777084468
210.699,2.785901192450155
211.34900000000002,3.0811024600911368
211.998,3.392675322701038
212.639,3.7210117700201284
213.28900000000002,4.066520829141404
213.928,4.429707000442272
214.578,4.811326054294259
215.22799999999998,5.212491269350814
215.878,5.634822545860525
216.518,6.080486390584105
217.158,6.5519643636957765
217.80900000000003,7.051641968748883
218.459,7.581475389330422
219.09900000000002,8.142816851608734
219.74900000000002,8.736293854698067
220.389,9.361766104149947
221.03799999999998,10.018380611338186
221.679,10.704625688973652
222.329,11.418383732380688
222.958,12.157040978751807
223.58900000000003,12.917559389517711
224.22799999999998,13.696514703320418
224.86900000000003,14.490191906710002
225.519,15.294672418714914
226.178,16.10582593920242
226.81900000000002,16.919130890306068
227.46900000000002,17.729432537302884
228.11900000000003,18.530910381969182
228.75799999999998,19.31725965175802
229.408,20.081914653630488
230.058,20.81824918472023
230.69799999999998,21.519813553062704
231.338,22.180660405342465
231.989,22.79560064379455
232.639,23.360249910956753
233.278,23.87097729000766
233.918,24.324855408148416
234.56900000000002,24.71961197767073
235.218,25.05358280606174
235.858,25.325666303022032
236.51,25.535279508656203
237.148,25.682315663374027
237.80900000000003,25.767103336248894
238.449,25.7903671247508
239.09900000000002,25.75318993493356
239.75799999999998,25.65697684733648
240.399,25.503420570084373
241.03900000000002,25.294468476958443
241.68900000000002,25.032291224584426
242.338,24.719252939360807
242.979,24.357882961345098
243.618,23.950849129043846
244.269,23.500932585924033
244.919,23.01100408649029
245.55900000000003,22.48400177696236
246.208,21.922910422947766
246.859,21.330742054040954
247.5,20.710517992996678
248.16,20.065252235025163
248.80900000000003,19.397936140841097
249.459,18.711524405368436
250.09799999999998,18.00892226245827
250.74900000000002,17.29297388461582
251.399,16.56645193555314
252.03900000000002,15.832048232383123
252.68,15.092365473444325
253.328,14.34990998709052
253.988,13.607085456288903
254.62900000000002,12.86618757354092
255.27900000000002,12.129399580464042
255.919,11.398788646345093
256.569,10.676303040089266
257.209,9.963770050237073
257.858,9.262894608096705
258.499,8.575258569534682
259.14799999999997,7.902320611575625
259.789,7.245416700674923
260.439,6.605761090338648
261.078,5.9844478066655515
261.72900000000004,5.382452581368813
262.369,4.800635192893081
263.019,4.239742177367649
263.668,3.7004973118056492
264.319,3.1840311659962635
264.95799999999997,2.6924898588717845
265.61,2.229126802111816
266.258,1.7977626865774816
266.89799999999997,1.402187628324223
267.58799999999997,1.0460121692464939
268.23900000000003,0.7329735425516646
268.888,0.46714567653567396
269.538,0.2526837892209227
270.189,0.09330612063271004
270.839,-0.008044213678284251
271.47900000000004,-0.049113552730447096
272.138,-0.028111896296042892
272.789,0.056285164419286646
273.449,0.20485039607009642
274.099,0.41784947011354173
274.749,0.6950838898544138
275.388,1.035873990656838
276.039,1.4390476204276883
276.67900000000003,1.9029340269940513
277.339,2.4254207912941532
277.998,3.004095193930043
278.649,3.636400787545431
279.298,4.3197188296878
279.95799999999997,5.051324577474741
280.60900000000004,5.828379300116648
281.25,6.648041315166829
281.899,7.507477155301125
282.538,8.403726284441362
283.189,9.333612556633883
283.827,10.293785033421916
284.47900000000004,11.28081433126087
285.139,12.291278962167748
285.778,13.321842217079976
286.42900000000003,14.369290981147895
287.069,15.430569811266164
287.70799999999997,16.502839696265546
288.35900000000004,17.583441519000097
289.009,18.669717407594156
289.649,19.758853796981153
290.288,20.847861405012758
290.959,21.93361784680619
291.608,23.012877769660573
292.249,24.082108566770586
292.899,25.137202683347216
293.539,26.173491376461815
294.188,27.186111794705525
294.849,28.170304108192454
295.499,29.12155731697639
296.138,30.035853659086936
296.789,30.90999807295546
297.42900000000003,31.74178689885092
298.08,32.529916757120155
298.719,33.273781331662875
299.369,33.97337464483243
300.009,34.62928881280117
300.66900000000004,35.242561827576694
301.319,35.81430664676068
301.95799999999997,36.345441576354865
302.618,36.83668687659578
303.269,37.288650486543844
303.909,37.701962595533224
304.559,38.07745230436023
305.198,38.416214336101866
305.889,38.719549086834775
306.529,38.988907951516765
307.17900000000003,39.22587281257236
307.819,39.43213662920809
308.47900000000004,39.609455966816824
309.128,39.75957911238922
309.769,39.884269772278394
310.41900000000004,39.98541488672378
311.059,40.06506007778337
311.718,40.12541012828171
312.358,40.168827727735774
312.999,40.19771407630186
313.64799999999997,40.21434445608918
314.309,40.22086934415918
314.959,40.219432390078275
315.60900000000004,40.21224486303946
316.258,40.20162115033641
316.909,40.18992133101203
317.559,40.17935391548714
318.209,40.171802474947086
318.85900000000004,40.16884955981219
319.499,40.17191620861854
320.14799999999997,40.182269242149346
320.788,40.200911940976724
321.438,40.228576764934914
322.078,40.26577903249521
322.728,40.31277828639444
323.378,40.36951688318268
324.04,40.43565560512306
324.689,40.51069464101664
325.329,40.59411071422188
325.969,40.685449161801635
326.629,40.78428815743678
327.279,40.890090432431634
327.918,41.00210262434114
328.559,41.11935570650974
329.208,41.240725460827534
329.85699999999997,41.365016350242584
330.49800000000005,41.490977991977026
331.149,41.61726208425045
331.789,41.74244374273717
332.439,41.86509950156069
333.089,41.98384727689367
333.718,42.097352484135214
334.369,42.204304250410694
334.999,42.303365422534746
335.649,42.393158129585245
336.3,42.47228081577606
336.939,42.539352907900636
337.57800000000003,42.59308352241192
338.228,42.632244264229115
338.879,42.655557628778695
339.51800000000003,42.66168668053252
340.17800000000005,42.64931413582892
340.829,42.61721226910406
341.478,42.56430419493972
342.11800000000005,42.48968791528971
342.769,42.39271475265915
343.409,42.27317340700124
344.059,42.1313616898194
344.69800000000004,41.96797111949607
345.349,41.783952963701374
345.99800000000005,41.58051457031631
346.66900000000004,41.359230565986614
347.30800000000005,41.12213787194372
347.959,40.87178650018937
348.598,40.611250862080354
349.25,40.34401860872431
349.898,40.07371388998196
350.54900000000004,39.80379316358378
351.19800000000004,39.537393935975174
351.839,39.27729040513405
352.478,39.02582720218239
353.129,38.78489269551597
353.778,38.556044072174345
354.42800000000005,38.34070714127212
355.07800000000003,38.14032401978094
355.718,37.95645377375307
356.35900000000004,37.790772516024376
357.00800000000004,37.64486822129378
357.659,37.52000175536983
358.298,37.41704395587649
358.95300000000003,37.336481082495276
359.589,37.27839317221796
360.23900000000003,37.2424670454957
360.87800000000004,37.22803986747818
361.519,37.23414027248131
362.16900000000004,37.25952711108913
362.81800000000004,37.302725880606395
363.459,37.36209204732604
364.10900000000004,37.43589766170306
364.749,37.522350462793284
365.399,37.61955332091307
366.038,37.725527971609225
366.69,37.83835358627027
367.32800000000003,37.95631815151667
367.97900000000004,38.077905111374974
368.61800000000005,38.201634780810686
369.269,38.326012004645705
369.91900000000004,38.4497427783752
370.559,38.57204070326475
371.19800000000004,38.69268969782171
371.839,38.81189116246959
372.48900000000003,38.930155245759714
373.129,39.04817343253556
373.779,39.166558962292015
374.42900000000003,39.285647480844695
375.079,39.40546891790068
375.72900000000004,39.52578320475631
376.369,39.64614294777756
377.009,39.766008611128
377.66,39.8848217478561
378.31,40.00195326423353
378.954,40.11665845705557
379.589,40.228154965270626
380.23800000000006,40.33575026541809
380.88800000000003,40.43895361436641
381.529,40.53751511866837
382.168,40.63131275641178
382.81800000000004,40.72022269066913
383.468,40.804179820916886
384.108,40.88331820862343
384.74800000000005,40.95797684588006
385.399,41.02864487406276
386.048,41.095970354931126
386.689,41.16076669408432
387.329,41.22404605507694
387.99,41.28707628604207
388.62800000000004,41.351254081014375
389.269,41.41781697616541
389.909,41.48764852803257
390.548,41.561312906114765
391.199,41.63920418677889
391.848,41.72156257886629
392.499,41.80837321466055
393.13800000000003,41.89933705363377
393.788,41.99393480720438
394.41900000000004,42.0915724825949
395.069,42.19173956752688
395.707,42.29403145561248
396.35900000000004,42.398081104574956
396.99800000000005,42.503556870342486
397.659,42.61021870875407
398.30800000000005,42.71787968698578
398.94699999999995,42.82625511047608
399.587,42.93485939583527
400.23900000000003,43.04306243657389
400.88800000000003,43.1502571000142
401.529,43.255919475969414
402.168,43.35951579154953
402.82,43.46047880944587
403.469,43.55827482988034
404.13800000000003,43.652404365692405
404.788,43.742344311314056
405.42900000000003,43.82755552943539
406.06800000000004,43.907577223908795
406.718,43.98213884837345
407.36800000000005,44.051228324885145
408.00800000000004,44.11503373468368
408.648,44.173744657578006
409.29900000000004,44.227376919365724
409.954,44.27573588901096
410.588,44.31844398602927
411.228,44.35499550968894
411.87800000000004,44.38483519258725
412.529,44.40736967498236
413.16900000000004,44.42191974748448
413.81,44.427708166046024
414.459,44.42387894976468
415.10900000000004,44.40951517409454
415.74800000000005,44.383684467927765
416.399,44.34556690685185
417.039,44.29456717131235
417.68800000000005,44.23026622416158
418.329,44.15231921273747
418.98,44.060394114538504
419.629,43.954059319995835
420.269,43.83259788093902
420.909,43.69484594861274
421.569,43.53914126787838
422.208,43.363398368068054
422.86,43.16526588980978
423.49800000000005,42.94229696704221
424.149,42.692042460786176
424.788,42.41201718305941
425.43800000000005,42.099641806228774
426.088,41.752280361685415
426.73900000000003,41.3673909239334
427.38800000000003,40.94274584323847
428.028,40.4766241915369
428.66900000000004,39.96789074032755
429.31800000000004,39.41597415854983
429.968,38.820814653985735
430.63800000000003,38.18281407671198
431.289,37.502788450572865
431.92900000000003,36.78192289600008
432.57800000000003,36.02172890488356
433.23,35.22400392562375
433.88,34.39079321399308
434.519,33.524353903022856
435.16900000000004,32.62712124282959
435.809,31.701764398600286
436.46,30.751495646230964
437.099,29.78045492042809
437.74800000000005,28.79369144703393
438.399,27.79670252933238
439.069,26.794905666726525
439.719,25.793318071902934
440.35900000000004,24.79647981812864
441.00800000000004,23.808446782332116
441.648,22.83275786556146
442.3,21.872438181762558
442.94,20.929975770295552
443.57800000000003,20.00718781503533
444.199,19.10516543248973
444.879,18.224434054381593
445.519,17.365128023157986
446.168,16.527118244901843
446.809,15.710185012540979
447.458,14.914141983937842
448.098,14.138857877615266
448.74800000000005,13.384246088073017
449.38800000000003,12.650255221529171
450.039,11.936860504285537
450.67900000000003,11.244056017192435
451.329,10.57184771096071
451.97900000000004,9.920363744317322
452.62800000000004,9.290213186540766
453.26800000000003,8.682827847118105
453.91900000000004,8.100407632653926
454.569,7.545487330655215
455.219,7.020464082945093
455.858,6.527501725440771
456.51,6.068797383296994
457.148,5.646757530921317
457.79900000000004,5.263947142617117
458.449,4.923013946775255
459.089,4.626532964948062
459.73,4.376694463519842
460.389,4.175118499095751
461.038,4.022957472332262
461.67900000000003,3.9211063020483565
462.31800000000004,3.870272862089417
462.968,3.8708081281033673
463.61800000000005,3.922471470279334
464.259,4.024373775740321
464.908,4.175048817780671
465.55800000000005,4.372491605995169
466.19800000000004,4.614225755623278
466.849,4.897425213147525
467.499,5.218995671378476
468.13800000000003,5.5756490494388355
468.777,5.96405879746345
469.42800000000005,6.38102706184155
470.07800000000003,6.823515326890247
470.718,7.288583542893743
471.35900000000004,7.773365556467425
472.00800000000004,8.27504757140154
472.658,8.79079113416874
473.29900000000004,9.317636910799528
473.95300000000003,9.852392254706778
474.588,10.391563648350076
475.23800000000006,10.931387575357709
475.87800000000004,11.467802302815807
476.529,11.99642612124025
477.16900000000004,12.512716392025926
477.81800000000004,13.01214119128607
478.459,13.490302513347856
479.10900000000004,13.943161556524732
479.74800000000005,14.367410598503144
480.399,14.760912968816594
481.048,15.12284983153517
481.709,15.453344708202241
482.35900000000004,15.752979703818795
483.009,16.022540264033218
483.648,16.262934142578626
484.29900000000004,16.475264566798096
484.958,16.660980516503805
485.598,16.82188980497817
486.249,16.959934400947322
486.889,17.076961707519743
487.538,17.17481457945444
488.18,17.25561433774749
488.829,17.321862097489554
489.468,17.376320745894915
490.119,17.421820864085724
490.76800000000003,17.461059269967016
491.408,17.496479995620348
492.05800000000005,17.53025803780003
492.699,17.564315631736363
493.339,17.600367147108077
493.98900000000003,17.640018092793923
494.63800000000003,17.68476540965748
495.279,17.73576500063112
495.92800000000005,17.793628938192352
496.56800000000004,17.858512770392014
497.219,17.93034154567167
497.869,18.009010843427863
498.51800000000003,18.09459344754259
499.158,18.187374566770547
499.809,18.287531519567583
500.44800000000004,18.394822850431083
501.098,18.50866703630425
501.73900000000003,18.628389395310784
502.389,18.753265792567014
503.028,18.882445128066003
503.67900000000003,19.014998690940224
504.319,19.150051907476723
504.969,19.286900337345518
505.61800000000005,19.42505259864807
506.259,19.56417934233596
506.898,19.70409629305411
507.55800000000005,19.844748276461956
508.209,19.986077617091773
508.849,20.12796640402708
509.499,20.270360921764798
510.149,20.413322635650477
510.788,20.55686827461684
511.439,20.70082912406164
512.089,20.84493235631042
512.729,20.989048458320063
513.368,21.133466713022447
514.019,21.279047578998295
514.669,21.427236115118692
515.309,21.580069213322556
515.9580000000001,21.74011888702243
516.609,21.910175431340114
517.248,22.09284917357285
517.888,22.290569723260546
518.539,22.50590667554119
519.188,22.741734229777556
519.827,23.00122773839348
520.469,23.287828577077992
521.119,23.60515212585299
521.758,23.9569045044386
522.408,24.34669102892483
523.049,24.77758486809279
523.689,25.25186640009552
524.339,25.77114836892084
524.989,26.336432465756918
525.649,26.94804687072464
526.288,27.605858331983985
526.928,28.309637476746506
527.58,29.05917770654746
528.229,29.854137613569904
528.868,30.693815633328388
529.519,31.577041545735106
530.158,32.502375951065474
530.809,33.46849251336738
531.4590000000001,34.47431051638898
532.0980000000001,35.51887705000092
532.748,36.60132069301569
533.399,37.72092686043397
534.049,38.877174126405265
534.6990000000001,40.069619235652866
535.3480000000001,41.29770778882597
535.988,42.560608228175
536.638,43.857096795155634
537.289,45.185575810922295
537.938,46.544063754573905
538.578,47.92992746003572
539.2280000000001,49.33959302232834
539.868,50.76853172336056
540.519,52.21143052798292
541.169,53.66234941005594
541.818,55.114866061233144
542.469,56.562237674778146
543.109,57.99751838796144
543.748,59.413665956215056
544.399,60.80366732076811
545.05,62.160592474995944
545.69,63.477613831636724
546.3290000000001,64.74819902560017
546.979,65.9664551915442
547.628,67.12734184416347
548.269,68.22664954070441
548.909,69.26083024347697
549.559,70.22681456824259
550.2080000000001,71.12190612986848
550.8480000000001,71.94371541766479
551.49,72.69012894303563
552.138,73.35930965449766
552.788,73.94978315267596
553.428,74.4606280040108
554.0790000000001,74.89155231413162
554.72,75.24278184891797
555.369,75.51489924309365
556.008,75.70869945729955
556.659,75.82511886367534
557.298,75.86528804182589
557.953,75.83060580378628
558.6,75.72274389805828
559.239,75.54359048200085
559.889,75.29516910331171
560.539,74.97959493624784
561.178,74.59906417078933
561.8290000000001,74.15584355126276
562.479,73.65226010672073
563.119,73.0906911113729
563.779,72.47355430950174
564.438,71.80332758207146
565.1080000000001,71.08262356660993
565.758,70.31431216362888
566.429,69.50165517270005
567.0790000000001,68.64830481848298
567.719,67.75815301547034
568.399,66.83525407063514
569.049,65.88384182359606
569.7090000000001,64.90828417107114
570.359,63.91292437882924
571.009,62.90182371696575
571.648,61.87850645768466
572.298,60.845912969530474
572.939,59.80662424863932
573.589,58.76323683297811
574.238,57.71869271769376
574.878,56.6762756313614
575.529,55.63925473272448
576.178,54.61059887992019
576.82,53.59287187980517
577.4590000000001,52.58802588338602
578.109,51.59722319444469
578.758,50.62088864654044
579.399,49.658906813134756
580.058,48.71091648429293
580.6990000000001,47.77654309636633
581.3380000000001,46.855458162521
581.989,45.9473731312155
582.638,45.052033745666705
583.279,44.16921487833022
583.939,43.29874496171925
584.5790000000001,42.440527182627996
585.219,41.59452850331593
585.849,40.76082781430158
586.489,39.93968671066054
587.139,39.13158136736197
587.778,38.337199825292636
588.43,37.55735045063418
589.069,36.79288013858487
589.719,36.04468913841489
590.3580000000001,35.31374352801964
591.008,34.60108550912953
591.649,33.90778339464618
592.288,33.23465389106988
592.94,32.58184394937842
593.578,31.9484960056879
594.229,31.332751760233982
594.869,30.732171302695452
595.518,30.144194991880294
596.159,29.566377376520204
596.809,28.99650578520306
597.4580000000001,28.432674579451554
598.109,27.87337798555728
598.749,27.317793418664237
599.399,26.765939107278832
600.04,26.218340612565207
600.689,25.675791199361544
601.3290000000001,25.139517273428826
601.979,24.61120424422601
602.62,24.09272412304465
603.268,23.58580605492564
603.909,23.091862989171197
604.559,22.612073972953997
605.198,22.14757474474556
605.849,21.69956757582647
606.51,21.2693007865524
607.149,20.857991761528165
607.799,20.466788145778924
608.439,20.096763012128683
609.08,19.748940040234277
609.729,19.42431584383066
610.389,19.1237630402791
611.039,18.847887177362487
611.698,18.597048099711213
612.359,18.371467941671483
613.018,18.171210733407925
613.669,17.996136408886336
614.318,17.84592006200604
614.969,17.72004120761442
615.619,17.617805007053132
616.269,17.538391568648045
616.909,17.480813090435397
617.568,17.44381922822511
618.2080000000001,17.42581584925427
618.869,17.424796264009952
619.509,17.43828406087902
620.148,17.46328670025971
620.799,17.496346496103868
621.4490000000001,17.533822951375136
622.089,17.572260517670472
622.739,17.608566642476625
623.389,17.640079418452753
624.038,17.664712158003486
624.679,17.680960592313195
625.33,17.687555559501803
625.9680000000001,17.683067852143335
626.619,17.665881848520367
627.258,17.634640340233467
627.909,17.588722691351084
628.549,17.528194945245286
629.1990000000001,17.453440182450105
629.8380000000001,17.36497586360143
630.489,17.263495668847643
631.139,17.149992386532354
631.778,17.02592216497119
632.418,16.893287348495104
633.078,16.75450104873064
633.7280000000001,16.61214756243378
634.368,16.468856672345044
635.019,16.327250141587243
635.659,16.189719095721784
636.308,16.05814138484789
636.9590000000001,15.933839663263262
637.6080000000001,15.81769389890283
638.248,15.710214475929284
638.887,15.611550950503947
639.539,15.521531519213841
640.188,15.439933384931999
640.828,15.36686734744526
641.469,15.302823044226686
642.119,15.248356209182058
642.768,15.203870548987505
643.408,15.169688715912054
644.048,15.146232000952375
644.7080000000001,15.134090545892144
645.359,15.13393815962962
645.997,15.14642728064782
646.648,15.172154642066648
647.288,15.211631259566726
647.941,15.265169031307797
648.5790000000001,15.332694673134837
649.229,15.413617605908586
649.869,15.506833947773654
650.519,15.610792333979141
651.168,15.723526446163689
651.819,15.842658042137929
652.4680000000001,15.965490630158476
653.109,16.089211618548276
653.748,16.21107209376113
654.399,16.328428955367905
655.05,16.43866533217032
655.689,16.539237402323383
656.3389999999999,16.6279197688047
656.9789999999999,16.703049194272428
657.628,16.763590099020934
658.2689999999999,16.808983955359732
658.909,16.838954822852557
659.56,16.85345243774666
660.2080000000001,16.852891852464477
660.8489999999999,16.838477862989716
661.488,16.812077019754046
662.1489999999999,16.77580802190902
662.8,16.731911325324017
663.439,16.682836764627755
664.0889999999999,16.63123128666181
664.7289999999999,16.57978034350791
665.388,16.531037964215372
666.029,16.487364699971362
666.689,16.45090290743453
667.329,16.423468605744887
667.9789999999999,16.406370626299985
668.6189999999999,16.40028366752208
669.2689999999999,16.405286548995868
669.909,16.42098772037711
670.559,16.44655203379473
671.199,16.48064034912
671.86,16.52144770469033
672.5089999999999,16.566828242083584
673.148,16.614350073374986
673.798,16.66128803114554
674.439,16.704707491519756
675.0880000000001,16.74165709705099
675.7289999999999,16.76931038159581
676.378,16.785002975797642
677.018,16.78626485579992
677.668,16.77093537927036
678.309,16.73732127223697
678.9580000000001,16.68427464520659
679.5989999999999,16.61131637270963
680.2489999999999,16.518944154025167
680.8889999999999,16.408751207480773
681.529,16.283085376581507
682.169,16.14450926756236
682.819,15.995467714922327
683.459,15.838402862513673
684.1,15.676029981941314
684.7489999999999,15.511432354647003
685.3889999999999,15.348024955254875
686.04,15.189373473037502
686.679,15.03894533660888
687.328,14.899977492891836
687.9689999999999,14.775389877249886
688.6080000000001,14.667681591205746
689.248,14.578870979435855
689.8969999999999,14.510504117450004
690.539,14.463694531823577
691.179,14.43916112848775
691.829,14.437206062751022
692.4780000000001,14.45761075664297
693.1189999999999,14.499518904745278
693.758,14.561279861880902
694.409,14.640345860287253
695.038,14.733450830410879
695.689,14.836978134560349
696.328,14.947288272209347
696.9680000000001,15.060921457167156
697.618,15.17463003078088
698.258,15.285318815513937
698.898,15.390050414294562
699.549,15.486136856095706
700.199,15.57127751571595
700.8380000000001,15.643649305421546
701.498,15.701779126480032
702.1389999999999,15.744312586558593
702.789,15.769984361038889
703.428,15.777737431907354
704.078,15.766768675914596
704.7189999999999,15.736654840999018
705.3689999999999,15.687606700967928
706.0089999999999,15.620455341329896
706.659,15.536343875956787
707.298,15.436482175314355
707.954,15.322221258282667
708.59,15.195409016900276
709.238,15.058612428515039
709.8989999999999,14.914928768650826
710.539,14.767610500469944
711.189,14.61987830811036
711.829,14.474843132664683
712.4780000000001,14.335262613355246
713.1289999999999,14.20326993887335
713.7689999999999,14.080284518713913
714.408,13.967025526132595
715.058,13.863528787767066
715.699,13.76925410013305
716.3489999999999,13.68327164353465
716.9989999999999,13.60442944141206
717.6489999999999,13.531561225613784
718.298,13.463640981171276
718.939,13.399801867255874
719.578,13.339381089598938
720.2289999999999,13.28204557703388
720.878,13.227929630943006
721.529,13.17763628681338
722.178,13.132089218704218
722.819,13.092399577794483
723.47,13.059746929965678
724.11,13.035273480795242
724.758,13.019990799819281
725.398,13.014669132980147
726.038,13.019799663825607
726.688,13.035592301894942
727.3389999999999,13.06194659103501
727.9780000000001,13.098428343688685
728.618,13.14422242684271
729.268,13.19812324290984
729.919,13.25867520005663
730.559,13.324327903642674
731.2189999999999,13.39337004688325
731.8589999999999,13.463697804692803
732.52,13.532701378429948
733.16,13.597431562627762
733.809,13.654924684398232
734.459,13.702460815468378
735.0989999999999,13.737673755751281
735.7389999999999,13.758558556049678
736.3889999999999,13.763446835040966
737.039,13.750982942538187
737.678,13.72010097023712
738.329,13.670002610187922
738.9889999999999,13.600135860173342
739.638,13.510174574052485
740.279,13.399998853955747
740.929,13.26967628000834
741.579,13.119443972030446
742.23,12.949691476424526
742.8689999999999,12.760944470226129
743.518,12.55384927307411
744.158,12.329158156659062
744.809,12.08771544004329
745.449,11.830444358119486
746.0989999999999,11.558392982383566
746.75,11.273006734033684
747.398,10.976482058475336
748.038,10.671664280586567
748.699,10.361544070795956
749.3489999999999,10.048811623167145
749.98,9.735552494718439
750.6289999999999,9.423245616069147
751.279,9.113057087374388
751.929,8.806101287661443
752.569,8.503583823757301
753.2080000000001,8.206780916137214
753.8589999999999,7.916903820193323
754.507,7.635037745285235
755.148,7.3621178018468925
755.788,7.0988212279627705
756.44,6.845386630588219
757.0889999999999,6.601516016327938
757.7280000000001,6.366525553319683
758.3889999999999,6.13962723683038
759.029,5.92009079324902
759.6669999999999,5.707269624793074
760.318,5.500594083150762
760.9680000000001,5.29956510841134
761.6089999999999,5.1037482201364295
762.248,4.912767847807618
762.8989999999999,4.726301988236617
763.548,4.544077177848354
764.188,4.365863768048007
764.828,4.191471492163567
765.4789999999999,4.020745312719015
766.1289999999999,3.853561538042306
766.7689999999999,3.6898241974495853
767.408,3.529461664474516
768.059,3.3724235178312725
768.709,3.2186776300133717
769.3480000000001,3.068207473639532
769.9989999999999,2.9210096358635766
770.638,2.777091531369056
771.289,2.6364693046718664
771.928,2.499165912656344
772.579,2.36520937847294
773.2189999999999,2.2346312081290893
773.8689999999999,2.107464961309719
774.52,1.9837449681703587
775.128,1.8635051840541665
775.778,1.7467781742945911
776.429,1.6335942214778214
777.069,1.5239805477536779
777.72,1.4179606450000568
778.368,1.315553705864331
779.008,1.2167741489250448
779.6489999999999,1.1216312314386063
780.309,1.0301287433581998
780.959,0.9422647765355308
781.5980000000001,0.8580315632399684
782.238,0.7774153783538198
782.8989999999999,0.7003964998265175
783.549,0.6269783686885306
784.189,0.5574171605647193
784.829,0.49262636320581826
785.48,0.43420794580158434
786.1289999999999,0.3839789550183809
786.7689999999999,0.34355202888740416
787.419,0.3142580366167699
788.08,0.2974002140672589
788.73,0.2946239144850486
789.37,0.3079774885266835
790.029,0.3396127952667011
790.669,0.39151982723057605
791.328,0.46549742160713764
791.9680000000001,0.5631284072496442
792.6189999999999,0.6856423094607159
793.268,0.8337965637936188
793.908,1.007833323398388
794.548,1.2075033673840685
795.198,1.4320908320874925
795.8480000000001,1.6803511567682055
796.488,1.9504605096493846
797.128,2.2400924287896107
797.779,2.5464896243481348
798.428,2.8665602362910714
799.069,3.1971407666912905
799.7280000000001,3.5352000722382972
800.3689999999999,3.877844125047711
801.028,4.22231988462958
801.678,4.566047471336703
802.328,4.906618730363749
802.98,5.24191185872213
803.6189999999999,5.570307483458332
804.2589999999999,5.890759341885137
804.909,6.202706940016726
805.579,6.506024256227651
806.2189999999999,6.800971359766466
806.8580000000001,7.087973984200477
807.508,7.367340386140898
808.1489999999999,7.639158163435073
808.799,7.903438022854855
809.449,8.160357712855344
810.0989999999999,8.410330152364413
810.738,8.653857673886348
811.388,8.891373564878652
812.038,9.123131873885264
812.678,9.349140627573497
813.3389999999999,9.569163023129015
814.518,9.782953494998111
815.178,9.99081577971353
815.819,10.193974401040741
816.4780000000001,10.394487219159497
817.118,10.595103449652813
817.768,10.799220200857958
818.418,11.010809474246493
819.079,11.23420292944672
819.738,11.47349038244421
820.3889999999999,11.731640399912903
821.038,12.00990713273469
821.689,12.307756632030804
822.3489999999999,12.623106515833125
823.008,12.952549123337318
823.659,13.291500493286456
824.299,13.634574578390907
824.9580000000001,13.976153547972697
825.6089999999999,14.31083544361094
826.2589999999999,14.633682914163973
826.898,14.94032374569305
827.549,15.226948970871483
828.189,15.490278829908291
828.8389999999999,15.727529651631059
829.4780000000001,15.936381672246576
830.1289999999999,16.114947807884555
830.768,16.261743395443485
831.419,16.375656914526843
832.078,16.455921701409345
832.7289999999999,16.502088664031568
833.378,16.514000005009983
834.03,16.491763957589697
834.678,16.435730537378554
835.3389999999999,16.346468310601622
835.998,16.224742177521165
836.6489999999999,16.071725339549328
837.298,15.889561880608895
837.9580000000001,15.681592994961285
838.6089999999999,15.451905751447207
839.2489999999999,15.204841312125717
839.8989999999999,14.944762391234752
840.539,14.675934443669624
841.189,14.40247889461426
841.829,14.128390276920905
842.4789999999999,13.857522193243119
843.12,13.593429334335442
843.7689999999999,13.339200363701776
844.408,13.097400662436202
845.059,12.87008335267136
845.7189999999999,12.658860574401272
846.3689999999999,12.464969188637573
847.0089999999999,12.289272879868573
847.659,12.13212080167689
848.298,11.993051714554197
848.9580000000001,11.870655678952607
849.6089999999999,11.762867391436652
850.258,11.667463315512892
850.898,11.582356039474066
851.569,11.505736775179487
852.2189999999999,11.436286853186377
852.8580000000001,11.373186087994108
853.498,11.315679508661797
854.1489999999999,11.262694961288064
854.798,11.212945639086099
855.439,11.165197249590749
856.0989999999999,11.118416092386612
856.7389999999999,11.071927570426668
857.3889999999999,11.025524368322387
858.028,10.97941275731366
858.678,10.93416217344356
859.319,10.890687112398457
859.988,10.85011184348594
860.6289999999999,10.81356186819924
861.288,10.782038030512538
861.9580000000001,10.756422758606398
862.5989999999999,10.73751537493785
863.248,10.72600536350673
863.8889999999999,10.72247858232511
864.539,10.727481655322121
865.178,10.741608064688672
865.829,10.765573594532468
866.4789999999999,10.800136071567051
867.14,10.845936661749542
867.789,10.903448052838334
868.428,10.972988170125474
869.118,11.054675035367152
869.8380000000001,11.148271803596053
870.4989999999999,11.253052748991387
871.148,11.367834550758612
871.799,11.49112408767321
872.439,11.621280534215025
873.0980000000001,11.75665977332433
873.7389999999999,11.895683867430773
874.3889999999999,12.036814769610789
875.047,12.178560353437756
875.7080000000001,12.319508889721527
876.3589999999999,12.458300900348574
877.0089999999999,12.593633418270548
877.669,12.724321928459188
878.31,12.849325257847275
878.9689999999999,12.967737575038653
879.678,13.078780557712816
880.329,13.181766588894073
880.9789999999999,13.276065797900026
881.628,13.36128074458491
882.268,13.437602892851412
882.9580000000001,13.505889464787156
883.6089999999999,13.567318104921089
884.268,13.623108862838032
884.929,13.67454073583818
885.6489999999999,13.722848943091666
886.299,13.768784606183637
886.94,13.812317234151195
887.5989999999999,13.852990138742648
888.2489999999999,13.89064514264946
888.8889999999999,13.925826379599387
889.528,13.959664803072743
890.18,13.993538614086896
890.829,14.028859107252595
891.4689999999999,14.067085264584373
892.1080000000001,14.109706790729307
892.7589999999999,14.15802455466377
893.409,14.212987184981683
894.058,14.275224194609693
894.7080000000001,14.345077377003937
895.36,14.422543076294511
896.0089999999999,14.507107213436264
896.6489999999999,14.597428765460572
897.299,14.691125272905712
897.939,14.784941599428837
898.5880000000001,14.875197356916516
899.238,14.95827288990457
899.8989999999999,15.030921676389262
900.539,15.090339838475007
901.19,15.134137424980274
901.829,15.160310620100507
902.4889999999999,15.16721488168038
903.138,15.15356815819704
903.779,15.118684549396717
904.428,15.062938494655906
905.0880000000001,14.987816548535786
905.7280000000001,14.895342496430814
906.3889999999999,14.787682558664006
907.028,14.667291167782976
907.678,14.53700770492373
908.318,14.399876019126195
908.9789999999999,14.259070499158957
909.63,14.117974915722975
910.268,13.980133047741091
910.921,13.84905741268911
911.559,13.728089142967011
912.24,13.62036232389482
912.888,13.528802471428275
913.568,13.456126030714286
914.2080000000001,13.404782534340598
914.8580000000001,13.376846677222273
915.508,13.374071124361384
916.159,13.398080757253217
916.81,13.450398800319812
917.459,13.532324516394988
918.1089999999999,13.644884972856255
918.7489999999999,13.78888169236937
919.388,13.964962400629252
920.039,14.173597832874384
920.689,14.414945876544055
921.328,14.688734007554226
921.9680000000001,14.994217111514482
922.618,15.330202204635858
923.288,15.695073783919776
923.941,16.08679049919671
924.578,16.502944097184454
925.2180000000001,16.940843791397455
925.868,17.397505918681418
926.5189999999999,17.869560212503053
927.158,18.353170755249767
927.799,18.844116294187042
928.448,19.337952309438506
929.0980000000001,19.83006916801289
929.7389999999999,20.31574569011005
930.378,20.790285743842073
931.028,21.24913961925923
931.678,21.687981912310892
932.318,22.102837873606756
932.9689999999999,22.490193200467377
933.6080000000001,22.84697173256563
934.2589999999999,23.170513299357903
934.909,23.458639205645607
935.558,23.70970697460643
936.199,23.922567652755536
936.8380000000001,24.096437381670963
937.4889999999999,24.23078165444097
938.1289999999999,24.325240692316004
938.779,24.379504149740743
939.418,24.393200328932586
940.069,24.36594474618064
940.7180000000001,24.297441438147416
941.3689999999999,24.187542579246113
942.018,24.036329156899626
942.658,23.844180428576742
943.31,23.61177461576829
943.9580000000001,23.34005802800928
944.6080000000001,23.0302156550486
945.248,22.683643212881762
945.8989999999999,22.301920626949695
946.55,21.886786933465913
947.199,21.440116577578387
947.8380000000001,20.9638970849129
948.4780000000001,20.4602080809911
949.1289999999999,19.93120163107743
949.77,19.37908387119169
950.408,18.8060978993339
951.059,18.21450789440967
951.699,17.606584428921323
952.3489999999999,16.984590940204377
952.9889999999999,16.350771323842466
953.6489999999999,15.707338611886318
954.289,15.056464697634269
954.94,14.400271068001206
955.578,13.740820503908282
956.2289999999999,13.080109708664693
956.878,12.420062823982171
957.52,11.762525793058927
958.168,11.109261530088844
958.819,10.46194585558894
959.47,9.822164157089109
960.1089999999999,9.191408734987501
960.76,8.571076793737486
961.3989999999999,7.962673064453535
962.049,7.368307971699193
962.689,6.790928022382987
963.3389999999999,6.234016700729888
963.98,5.701180223307383
964.628,5.195838775026577
965.268,4.72107135938069
965.908,4.279568186152704
966.549,3.873561748071985
967.198,3.5047105669854126
967.8380000000001,3.1739713289362688
968.488,2.881549316438406
969.13,2.6269767207006107
969.758,2.4091867293493983
970.408,2.226437754723879
971.058,2.0763102383362715
971.698,1.9559716666366214
972.3380000000001,1.8624722558849234
972.9780000000001,1.7929198193640392
973.628,1.7445759423265845
974.268,1.7148820205456756
974.918,1.701452360466158
975.559,1.702067387774163
976.21,1.714666962443962
976.8480000000001,1.7373437993314633
977.4989999999999,1.7683369942569396
978.138,1.8060256562654908
978.788,1.8489226473817868
979.429,1.8956684316948156
980.079,1.9450250360273316
980.7180000000001,1.9958701247716943
981.368,2.047191191716685
982.018,2.0980798718562035
982.658,2.147726376267588
983.299,2.1954140531814605
983.95,2.2405140783429065
984.5880000000001,2.2824802776915245
985.2389999999999,2.320844085271178
985.878,2.3552096391245776
986.528,2.38524901773821
987.188,2.410697619384403
987.8380000000001,2.4313496864639603
988.488,2.447053976689028
989.128,2.4577095826655473
989.768,2.463261901141464
990.419,2.4636987528841487
991.069,2.4590466538414013
991.7189999999999,2.449367237927719
992.37,2.4347538314639543
993.007,2.415328178986365
993.659,2.3912373198325945
994.289,2.362650614609252
994.928,2.3297569203502517
995.578,2.292761912888502
996.2280000000001,2.251885554687255
996.8689999999999,2.207359706112685
997.5089999999999,2.159425877877088
998.168,2.1083331221433284
998.819,2.054336059556652
999.459,1.9976930392602092
1000.1089999999999,1.9386644287561383
1000.7489999999999,1.8775110302951985
1001.3989999999999,1.8144926203148941
1002.039,1.7498666082989915
1002.688,1.6838868113002894
1003.327,1.6168023402534066
1003.988,1.5488565941050894
1004.628,1.480461236672648
1005.279,1.4126397657470464
1005.929,1.3472974007451493
1006.568,1.287102453327753
1007.2189999999999,1.2352880743907058
1007.8580000000001,1.1954142441710152
1008.5089999999999,1.1711546560126256
1009.148,1.1663694020170448
1009.799,1.1852542521550784
1010.4580000000001,1.232323140204169
1011.1080000000001,1.3122727561449516
1011.748,1.4295983828587604
1012.3989999999999,1.5880806488987682
1013.051,1.790541262376964
1013.688,2.0388671114288006
1014.3389999999999,2.334096198318891
1014.99,2.676499381574997
1015.638,3.065628856664707
1016.289,3.5003079706414195
1016.93,3.9786278369411177
1017.579,4.498037582127513
1018.2189999999999,5.055458363635739
1018.868,5.647301055446986
1019.5089999999999,6.26945726198627
1020.158,6.917354436551979
1020.799,7.5860089457962125
1021.449,8.270018738172968
1022.0980000000001,8.96356119363558
1022.748,9.660424802905343
1023.388,10.354099686623279
1024.04,11.038035999472765
1024.688,11.705990220092318
1025.329,12.352271467491974
1025.968,12.971839430815756
1026.62,13.560299717545604
1027.268,14.113866912084799
1027.9089999999999,14.629328432630572
1028.548,15.104009222439345
1029.2,15.535737309463343
1029.849,15.922810266012974
1030.488,16.26396259760844
1031.129,16.558334087557782
1031.779,16.805439121065685
1032.4289999999999,17.005137009865166
1033.069,17.157603335497473
1033.708,17.26330232646753
1034.359,17.322960281594206
1035.009,17.337598341965062
1035.6589999999999,17.308792172899903
1036.309,17.239042291034835
1036.9569999999999,17.131772704494182
1037.609,16.99091412004296
1038.25,16.82047346636466
1038.899,16.624385940595694
1039.539,16.40667560040771
1040.1889999999999,16.17162454830455
1040.829,15.923802665129044
1041.48,15.668003225122739
1042.118,15.409008487208705
1042.769,15.151265350933196
1043.4089999999999,14.898688171411392
1044.059,14.654633572144215
1044.698,14.421881523094788
1045.348,14.202534777218448
1045.989,13.998022079170225
1046.639,13.809280463192612
1047.279,13.636890246379508
1047.928,13.481050815651248
1048.569,13.341503716932007
1049.218,13.217497378425382
1049.859,13.107847216313582
1050.509,13.0110795195711
1051.149,12.925560796136663
1051.8,12.849496804211851
1052.438,12.780816704324945
1053.089,12.717160836187979
1053.738,12.65604747764182
1054.389,12.595021378318183
1055.039,12.531726836637208
1055.6789999999999,12.464001114676257
1056.328,12.38995591516452
1056.969,12.307989378535716
1057.619,12.216765798187268
1058.26,12.115196099223393
1058.9089999999999,12.002419075566813
1059.549,11.877783379764587
1060.1889999999999,11.740830259186147
1060.839,11.591277031630511
1061.491,11.429001292637395
1062.129,11.254025846045742
1062.779,11.066504348573815
1063.4189999999999,10.866707658417326
1064.069,10.655010877085267
1064.7089999999998,10.431881072924991
1065.358,10.197865674036194
1065.999,9.953581517544027
1066.649,9.699704541500477
1067.289,9.436960105015231
1067.938,9.166113921586945
1068.578,8.887963590016689
1069.23,8.60333070674055
1069.869,8.313053542920382
1070.519,8.017980269182493
1071.157,7.718962710495189
1071.809,7.416850613328595
1072.4489999999998,7.11248640694463
1073.099,6.806700440421803
1073.739,6.500306676828368
1074.389,6.194098825817948
1075.029,5.8891383607780385
1075.6789999999999,5.58747266008418
1076.329,5.292469188473763
1076.979,5.008341974571756
1077.618,4.739522824106988
1078.268,4.490279052320411
1078.9180000000001,4.264580596529808
1079.558,4.0661880951672575
1080.2089999999998,3.8987895087143074
1080.858,3.766032836125716
1081.498,3.671408675977083
1082.149,3.617972114576553
1082.798,3.608099929215345
1083.438,3.6434265993922836
1084.078,3.724822061981701
1084.73,3.852406620823608
1085.399,4.025686127934732
1086.049,4.243704947988025
1086.6989999999998,4.505155303241769
1087.338,4.808476580737793
1087.978,5.151886828011909
1088.628,5.533354267914008
1089.278,5.950720208435522
1089.9189999999999,6.402042038211682
1090.578,6.885778000832228
1091.219,7.400568673632859
1091.899,7.944868361759596
1092.538,8.516680040885964
1093.1889999999999,9.113529392216297
1093.829,9.732620845755047
1094.479,10.370978191761296
1095.129,11.02554145172272
1095.778,11.693224486977662
1096.428,12.371025007002409
1097.079,13.05620911214892
1097.73,13.746297839043198
1098.368,14.438879132306056
1099.019,15.131616976462269
1099.6589999999999,15.822580050116505
1100.309,16.510674791108183
1100.9589999999998,17.195875718001393
1101.588,17.87904185027419
1102.239,18.561456685732217
1102.879,19.244506549964306
1103.519,19.929483300210013
1104.1680000000001,20.617323280456006
1104.808,21.308466925219772
1105.448,22.002884196525805
1106.098,22.700100459495864
1106.738,23.399135219962897
1107.388,24.098335434563214
1108.028,24.795204658671917
1108.678,25.486463140117923
1109.318,26.168369619161606
1109.968,26.836951071472562
1110.609,27.48791647092882
1111.259,28.116584060556896
1111.899,28.718200062889082
1112.549,29.28839626182298
1113.1889999999999,29.823416864718734
1113.838,30.320198387722876
1114.478,30.776406617933997
1115.13,31.190376988958466
1115.769,31.56105749618017
1116.4189999999999,31.888216444298163
1117.07,32.17276545417713
1117.7089999999998,32.41674429314753
1118.358,32.62303646395668
1119.008,32.79493667144432
1119.649,32.93544499166712
1120.289,33.046645856658074
1120.94,33.12954549075745
1121.589,33.18422765137305
1122.229,33.210289157938455
1122.868,33.20754824349917
1123.518,33.17660937750626
1124.1680000000001,33.11888915236499
1124.828,33.036253946879064
1125.489,32.930784103607564
1126.128,32.804855375771744
1126.768,32.66117889686558
1127.4189999999999,32.50242529719365
1128.059,32.33071800894263
1128.7089999999998,32.14759796742608
1129.347,31.954346133998534
1130.009,31.752211233731682
1130.67,31.542493953984714
1131.318,31.32653307629388
1131.969,31.10563436282165
1132.619,30.88103692497474
1133.268,30.65391290844268
1133.9089999999999,30.425367431179044
1134.569,30.196467907027426
1135.208,29.96829907898487
1135.859,29.74204031966571
1136.508,29.5190911289556
1137.1589999999999,29.301063289624537
1137.809,29.089597144310627
1138.4489999999998,28.886286419880996
1139.088,28.692757631850125
1139.739,28.510739491875427
1140.399,28.342006382340706
1141.039,28.188182027234713
1141.678,28.05056707250893
1142.329,27.930134819037892
1142.968,27.827587916211368
1143.619,27.743322732887975
1144.268,27.677400080748747
1144.9089999999999,27.62966756431266
1145.548,27.599956512658625
1146.1989999999998,27.588197517359305
1146.848,27.59443417637141
1147.488,27.61877608623035
1148.128,27.661386025137226
1148.778,27.722613955939103
1149.4289999999999,27.803113753813484
1150.088,27.90373975019297
1150.739,28.025308099939366
1151.389,28.168415567689898
1152.029,28.333426912325553
1152.6789999999999,28.520581956700063
1153.329,28.73003257520553
1153.969,28.961671894271763
1154.618,29.214898140549902
1155.269,29.488526720828087
1155.928,29.780892097465564
1156.579,30.09011641133062
1157.219,30.41437751348063
1157.868,30.751941333017104
1158.509,31.101044450699266
1159.157,31.459878606416755
1159.808,31.826606932042022
1160.4489999999998,32.19932061131482
1161.088,32.57614736148872
1161.738,32.9554638582851
1162.389,33.335935899881946
1163.028,33.71640629440553
1163.6789999999999,34.09579496578879
1164.328,34.4730105464757
1164.968,34.846785309089924
1165.621,35.215531177373244
1166.259,35.57736118551742
1166.9089999999999,35.930198465282565
1167.549,36.271815939136644
1168.1989999999998,36.599814648654025
1168.84,36.91160645710631
1169.489,37.20440078005855
1170.129,37.47528245183159
1170.838,37.72136942444367
1171.478,37.93989397838679
1172.128,38.12827415225868
1172.768,38.28432171397423
1173.4180000000001,38.40651064343474
1174.059,38.49412198571357
1174.7089999999998,38.54722013720303
1175.359,38.56650961067062
1175.999,38.55305814578901
1176.737,38.508020474083025
1177.598,38.43256868354254
1178.318,38.32791784708285
1179.039,38.195289733876216
1179.6889999999999,38.03588047283893
1180.329,37.85089023662044
1180.979,37.641607403320016
1181.619,37.40945268704831
1182.268,37.155929319153664
1182.9089999999999,36.882607306742145
1183.558,36.59116698961395
1184.1989999999998,36.283348815768
1184.848,35.960762471494306
1185.488,35.62474828063577
1186.138,35.2764606536563
1186.779,34.917030208845645
1187.428,34.54759007004576
1188.069,34.169269629429586
1188.72,33.783363689815474
1189.368,33.39159670617356
1190.009,32.99620654605024
1190.6589999999999,32.599722621072566
1191.298,32.204680064209214
1191.953,31.813483617732953
1192.588,31.428346281472113
1193.238,31.051294384412124
1193.879,30.68423124108142
1194.529,30.32896459776951
1195.1689999999999,29.98720196708913
1195.819,29.660488554438807
1196.4589999999998,29.350095047829406
1197.11,29.056949515527222
1197.748,28.781550486333884
1198.397,28.523864169899923
1199.038,28.283325150949572
1199.688,28.058986748316084
1200.329,27.849802353163856
1200.978,27.654845366557623
1201.618,27.473385914532695
1202.27,27.304898943090198
1202.9089999999999,27.149011690742952
1203.559,27.00545633962981
1204.1989999999998,26.8739692619071
1204.849,26.754056464231674
1205.489,26.644875971904995
1206.138,26.545399160363623
1206.778,26.454612928264048
1207.4289999999999,26.37161067591371
1208.068,26.29578855810724
1208.708,26.227249659874122
1209.359,26.167009517027097
1209.998,26.116674972433366
1210.649,26.07792309658536
1211.298,26.05218647978118
1211.941,26.040552023842285
1212.588,26.043848837342043
1213.229,26.06287317163261
1213.878,26.09849940519339
1214.518,26.15160226655067
1215.1680000000001,26.222958890191663
1215.808,26.313221264866584
1216.458,26.422863551363175
1217.099,26.5520785175533
1217.738,26.70074650824393
1218.378,26.868439535942787
1219.029,27.054427240042276
1219.678,27.257742813722203
1220.318,27.477213950152485
1220.968,27.711462761371454
1221.609,27.95896582239151
1222.258,28.218050248780987
1222.8980000000001,28.48680427960909
1223.548,28.763088050942503
1224.188,29.044603554714516
1224.838,29.328899732750244
1225.478,29.61343695139454
1226.128,29.8957325397707
1226.768,30.17340186237397
1227.4189999999999,30.444106941297566
1228.059,30.705511350934113
1228.71,30.955182680386105
1229.349,31.190449490903717
1229.998,31.408394122150465
1230.639,31.60608199854308
1231.289,31.78082295372026
1231.9289999999999,31.93022565416445
1232.589,32.05206909124912
1233.229,32.14415937844662
1233.879,32.20437865421461
1234.519,32.23090302669291
1235.178,32.2223639095405
1235.82,32.177899857408185
1236.469,32.0970821904888
1237.109,31.979700610287406
1237.759,31.825601736318806
1238.399,31.634750358279536
1239.049,31.407370038606377
1239.6889999999999,31.143977727460584
1240.338,30.8453537332876
1240.978,30.512425695307545
1241.629,30.14599008841906
1242.269,29.74652568546208
1242.9189999999999,29.31432272437611
1243.569,28.849714715015196
1244.2089999999998,28.35322418121389
1244.849,27.825631394505706
1245.499,27.267974632642407
1246.149,26.681519134752264
1246.789,26.067727770575196
1247.438,25.428233389453126
1248.079,24.7648128129876
1248.719,24.07936243359935
1249.369,23.373875379646456
1250.019,22.650420206288345
1250.67,21.91112106992921
1251.319,21.158139342842553
1251.958,20.39365662347354
1252.609,19.6198590969407
1253.249,18.83892319941598
1253.899,18.053002539353308
1254.539,17.264216027961155
1255.188,16.474637170873407
1255.828,15.686284472664013
1256.479,14.90111290567209
1257.119,14.121006394552747
1257.769,13.347771268041633
1258.407,12.583130629613962
1259.059,11.828719599027558
1259.6989999999998,11.08608137715916
1260.348,10.356664087069085
1260.987,9.641818344855729
1261.639,8.942853807571751
1262.279,8.26135135464441
1262.9289999999999,7.5996400746152695
1263.568,6.960920444226045
1264.208,6.348957798218787
1264.859,5.76769041331479
1265.498,5.220939991854388
1266.1480000000001,4.712331178511067
1266.788,4.245366909066496
1267.448,3.82349493203931
1268.088,3.4500203402981917
1268.788,3.1278829719886274
1269.428,2.8595796699087312
1270.079,2.6472732545841287
1270.719,2.49277397597385
1271.348,2.3973795761314274
1271.999,2.3618251213297716
1272.639,2.3862718437126893
1273.289,2.470330600472155
1273.958,2.6132906979586212
1274.6480000000001,2.814324204112846
1275.309,3.0724923004796
1275.988,3.386722766227258
1276.629,3.7558204922119853
1277.279,4.178477929386113
1277.9289999999999,4.653314575711977
1278.568,5.178941800569305
1279.219,5.753962103119143
1279.859,6.376881409414494
1280.508,7.046003634986128
1281.149,7.75936871758125
1281.799,8.514787793023526
1282.4389999999999,9.309934690888616
1283.1,10.142369876077268
1283.739,11.009504666476104
1284.389,11.908571369597013
1285.028,12.83659889895743
1285.678,13.790451741496337
1286.319,14.766895401097077
1286.969,15.762655589854138
1287.609,16.774588068496744
1288.258,17.799799064391937
1288.899,18.835546287465263
1289.549,19.87909287697028
1290.1889999999999,20.927637489645253
1290.838,21.97831206204249
1291.478,23.028239286144757
1292.128,24.074700621115657
1292.768,25.115313082602935
1293.4189999999999,26.14795008510886
1294.08,27.170524524310466
1294.72,28.18097255613524
1295.369,29.17741448196559
1296.009,30.158208286178724
1296.6580000000001,31.12179147213137
1297.298,32.06651221550486
1297.955,32.99062722959729
1298.589,33.89235925016973
1299.238,34.76986095400219
1299.879,35.62118408130521
1300.529,36.44436998239073
1301.1689999999999,37.23758829572824
1301.819,37.99920044407306
1302.469,38.72772717323932
1303.12,39.42181910614056
1303.759,40.08023014073626
1304.4089999999999,40.701764379700826
1305.06,41.285287533253474
1305.6989999999998,41.82982422927957
1306.339,42.33461375080699
1306.988,42.7990412142629
1307.638,43.22254680789948
1308.278,43.604632917607546
1308.9289999999999,43.94498665889684
1309.569,44.24364495385979
1310.218,44.501050108658895
1310.859,44.7179500307786
1311.5079999999998,44.89527867859318
1312.1470000000002,45.0340782006414
1312.7979999999998,45.13542923766809
1313.4379999999999,45.200447216376006
1314.088,45.230307713275224
1314.7279999999998,45.22620981650921
1315.379,45.18934336360022
1316.019,45.1208889852576
1316.668,45.02204708245454
1317.31,44.89412124981851
1317.9579999999999,44.738590788554475
1318.598,44.557114733976505
1319.249,44.351504561415226
1319.899,44.12369858008038
1320.539,43.87576711944302
1321.1789999999999,43.60994480266935
1321.829,43.328657287441196
1322.469,43.03454288776893
1323.119,42.73041118090666
1323.759,42.41914630422488
1324.4089999999999,42.10364960286379
1325.049,41.78681739540535
1325.6989999999998,41.47152072694132
1326.338,41.160587028569715
1326.989,40.85678360226901
1327.629,40.56280285019183
1328.2579999999998,40.281220021191785
1328.898,40.014427056383724
1329.559,39.76460417546714
1330.2,39.53369585674933
1330.859,39.32333262934104
1331.499,39.13473486833454
1332.149,38.96865980975122
1332.7979999999998,38.82541632214571
1333.4489999999998,38.70491028251419
1334.098,38.60671670451154
1334.749,38.530175009736716
1335.389,38.474474921397515
1336.039,38.43879178852353
1336.6779999999999,38.42240622472096
1337.329,38.42466328328291
1337.9779999999998,38.444877843118604
1338.619,38.4823389888542
1339.2679999999998,38.536372520745466
1339.9089999999999,38.60633767781919
1340.559,38.69159500674163
1341.1979999999999,38.79156560463048
1341.838,38.9057830576638
1342.489,39.03379280014966
1343.138,39.174975939961946
1343.7779999999998,39.32845352878638
1344.418,39.49309168234514
1345.069,39.66756651508079
1345.719,39.85051054137635
1346.369,40.04067156955334
1347.019,40.236935693396106
1347.6589999999999,40.43820108557069
1348.309,40.643150279632344
1348.9579999999999,40.84996378963179
1349.609,41.05607164374787
1350.249,41.25805692957601
1350.91,41.45178173883308
1351.549,41.63270849291333
1352.1989999999998,41.79621644103815
1352.839,41.937736730169135
1353.489,42.052813915563554
1354.139,42.13721871015598
1354.789,42.18698845898122
1355.4389999999999,42.19828693107136
1356.078,42.1673389351004
1356.729,42.09066455680738
1357.37,41.96534267935013
1358.039,41.78900680832751
1358.6879999999999,41.559692158778674
1359.35,41.27581491265825
1359.989,40.93629724569389
1360.638,40.540644997231226
1361.2879999999998,40.088924579943594
1361.9389999999999,39.58170936077968
1362.588,39.02002853867599
1363.239,38.405318491211176
1363.879,37.739376558979345
1364.539,37.02431723312017
1365.1879999999999,36.26253070819132
1365.849,35.456643759424736
1366.4979999999998,34.60948290039315
1367.139,33.72403977424324
1367.789,32.80343872894251
1368.4489999999998,31.850906524449798
1369.099,30.869744117365613
1369.7479999999998,29.863300466455627
1370.398,28.83494830047553
1371.039,27.78806178796266
1371.6779999999999,26.725996047102356
1372.329,25.652068432426326
1372.969,24.569541533956908
1373.6589999999999,23.48160782347353
1374.309,22.391375881843842
1374.969,21.30185814082857
1375.618,20.21596007243216
1376.2679999999998,19.136470758724904
1376.9089999999999,18.0660547751015
1377.56,17.007245320158738
1378.2079999999999,15.962438525764405
1378.848,14.933888881442705
1379.509,13.923705707910866
1380.158,12.93385061545822
1380.799,11.966135883854669
1381.4489999999998,11.022223701600915
1382.089,10.103626203579154
1382.739,9.211706247520972
1383.399,8.347678871169744
1384.049,7.512613373568531
1384.6889999999999,6.707435965542379
1385.338,5.932932936156751
1385.979,5.189870869690604
1386.629,4.479306654779796
1387.279,3.802800219813487
1387.9389999999999,3.1624232263880065
1388.589,2.560675076245958
1389.2379999999998,2.0002302528011064
1389.9089999999999,1.4838301870951374
1390.559,1.0145073784190743
1391.2079999999999,0.5956927724819254
1391.848,0.23107357564346911
1392.5079999999998,-0.07565145495653636
1393.158,-0.3210470591438674
1393.799,-0.5020663271199399
1394.4489999999998,-0.6161295346375543
1395.088,-0.6613948822945447
1395.739,-0.6369048595157855
1396.379,-0.5423301827604166
1397.0279999999998,-0.3776520256986102
1397.6779999999999,-0.14314183573782613
1398.328,0.16042547687048334
1398.9679999999998,0.5316456795207801
1399.608,0.9685831714876542
1400.259,1.4689491405197208
1400.908,2.0302617911298495
1401.5479999999998,2.6499604903835845
1402.1979999999999,3.3254493121197743
1402.859,4.054136301345565
1403.5079999999998,4.833497823100598
1404.139,5.661135400773501
1404.7879999999998,6.534796340146102
1405.4279999999999,7.452187352741755
1406.079,8.410694436751786
1406.729,9.407371965607023
1407.368,10.439052759956859
1408.019,11.502418369408973
1408.6589999999999,12.594150371508162
1409.308,13.711064574825448
1409.9579999999999,14.85008340143426
1410.609,16.008094884227436
1411.2479999999998,17.181916733873038
1411.888,18.368411637770283
1412.5379999999998,19.564531051483094
1413.1889999999999,20.767266441176474
1413.83,21.97363584045619
1414.469,23.180730789214095
1415.129,24.38581616301244
1415.779,25.586446730299027
1416.4279999999999,26.780568396467178
1417.069,27.966575966260574
1417.719,29.143273740502856
1418.359,30.309750615367403
1419.009,31.465238920812066
1419.6589999999999,32.60895991616279
1420.299,33.739958649665695
1420.954,34.856988978304095
1421.589,35.95841458471952
1422.239,37.04206662273768
1422.879,38.105210010226266
1423.529,39.14483908743996
1424.1689999999999,40.1581742049213
1424.82,41.14298207254959
1425.4589999999998,42.09762163185319
1426.109,43.021022275039606
1426.749,43.9126898665991
1427.399,44.772649665929954
1428.04,45.601304752645405
1428.6789999999999,46.39930831959151
1429.328,47.16753650952062
1429.9679999999998,47.90712092041937
1430.62,48.61941684928196
1431.269,49.305915043817144
1431.9089999999999,49.96819168657321
1432.5479999999998,50.607863294823595
1433.1989999999998,51.226458836108684
1433.849,51.825248937690915
1434.499,52.40512600444229
1435.138,52.96655934272108
1435.789,53.50961685790331
1436.43,54.0340162514053
1437.078,54.539172794372845
1437.729,55.024243803980205
1438.378,55.488169947117484
1439.019,55.92971349504691
1439.668,56.34755194434899
1440.319,56.74041980106653
1440.9579999999999,57.10714605841775
1441.599,57.44659939165045
1442.249,57.757698092742146
1442.898,58.039506161096796
1443.539,58.291317199408496
1444.1789999999999,58.51269774225688
1444.829,58.70352357513017
1445.4779999999998,58.863922094922316
1446.118,58.994161317822325
1446.759,59.09466749266634
1447.4089999999999,59.16609767204806
1448.059,59.20934358051223
1448.6979999999999,59.225474811149105
1449.348,59.21565803618204
1449.989,59.1811139248235
1450.629,59.12307847045884
1451.279,59.042739338748554
1451.9279999999999,58.94120895596144
1452.579,58.819442772863276
1453.229,58.678051519841986
1453.869,58.51728374357495
1454.519,58.337246165289066
1455.158,58.13804073108379
1455.808,57.919768900793926
1456.4489999999998,57.68259370319072
1457.098,57.42685226737063
1457.7579999999998,57.15312456684443
1458.399,56.8621755497569
1459.037,56.55481513519531
1459.6889999999999,56.23186166710293
1460.338,55.894196871677494
1460.9779999999998,55.54275536245598
1461.619,55.178456487766596
1462.269,54.802231564064826
1462.918,54.415251613725765
1463.558,54.01918447479003
1464.2079999999999,53.61615520866158
1464.848,53.20844503084117
1465.509,52.7982241276891
1466.158,52.387462066662714
1466.7979999999998,51.97796637958316
1467.4489999999998,51.57138820435012
1468.089,51.16914057800395
1468.739,50.772356935818536
1469.389,50.38197287557918
1470.0379999999998,49.99882863809704
1470.6789999999999,49.62367254506508
1471.339,49.25710623469452
1471.9779999999998,48.899595589341644
1472.63,48.551510401804656
1473.269,48.213072532797966
1473.9189999999999,47.884282073516545
1474.569,47.56488299497928
1475.2089999999998,47.254393077571116
1475.858,46.95224865600368
1476.509,46.65790384864136
1477.149,46.370830625088026
1477.799,46.09060629802788
1478.4379999999999,45.81707745039354
1479.089,45.550385984905816
1479.727,45.29078588169503
1480.378,45.0384807203763
1481.0179999999998,44.793655591459796
1481.6770000000001,44.55650533067357
1482.318,44.32711356954632
1482.971,44.10537601007271
1483.619,43.89107989042132
1484.27,43.68403319991401
1485.0279999999998,43.48420767254763
1485.7379999999998,43.29186370275109
1486.39,43.10751260643835
1487.0279999999998,42.931706508602794
1487.6789999999999,42.76485261985852
1488.339,42.607166997545036
1488.979,42.458693406578476
1489.619,42.31935034725937
1490.269,42.188973462592486
1490.918,42.067295287457654
1491.559,41.95395735140791
1492.2089999999998,41.84855074674167
1492.849,41.75056492941594
1493.499,41.6593142817303
1494.128,41.57396222638717
1494.779,41.493631229533406
1495.418,41.417529461906405
1496.07,41.34509120564918
1496.7079999999999,41.27612830521364
1497.369,41.21087357789851
1498.009,41.14989938264781
1498.6589999999999,41.09404319328042
1499.309,41.044339830605736
1499.9579999999999,41.00190172287381
1500.609,40.96775418914054
1501.2579999999998,40.94266142739307
1501.899,40.92703307645668
1502.549,40.92096089341291
1503.2089999999998,40.9243699852566
1503.859,40.937182560069395
1504.5179999999998,40.95931664489234
1505.1589999999999,40.99053927220234
1505.81,41.03042560260248
1506.4579999999999,41.078499254683734
1507.109,41.13432740196515
1507.749,41.19745868859823
1508.389,41.26725213223996
1509.039,41.3426403295024
1509.69,41.42195313802934
1510.328,41.50288356018154
1510.999,41.58255028449982
1511.639,41.65761599967336
1512.2979999999998,41.72442498967451
1512.94,41.779069362715134
1513.589,41.817391917986306
1514.239,41.83496231738476
1514.889,41.82702995279791
1515.5379999999998,41.78863155922028
1516.1889999999999,41.71495114681328
1516.828,41.60172490939313
1517.479,41.445566125516805
1518.119,41.244333510282004
1518.767,40.99738917304262
1519.4289999999999,40.705436373468736
1520.068,40.37010416279061
1520.719,39.99366138028255
1521.359,39.57905069222734
1522.009,39.130000442978215
1522.6589999999999,38.65079607699888
1523.299,38.14586946428516
1523.953,37.61955121251024
1524.589,37.07599769502845
1525.239,36.51924358664603
1525.878,35.95327728905037
1526.5279999999998,35.382019416446816
1527.1689999999999,34.80918681709086
1527.819,34.23811498327392
1528.4589999999998,33.67169088271763
1529.108,33.11241291146433
1529.7479999999998,32.56241687463366
1530.399,32.02347190219434
1531.04,31.49706655193612
1531.6889999999999,30.98457388451988
1532.33,30.487455858343143
1532.979,30.007384300865276
1533.618,29.54617079091049
1534.2679999999998,29.105645086340765
1534.9089999999999,28.687605643833752
1535.56,28.29377579185977
1536.1989999999998,27.925736080271154
1536.849,27.584923587040578
1537.489,27.27269031256556
1538.139,26.99029669029409
1538.7779999999998,26.73878965263387
1539.4289999999999,26.51880897372877
1540.069,26.33044845530442
1540.719,26.173341498280916
1541.359,26.04697318756407
1542.009,25.950927574209885
1542.6589999999999,25.884842807647836
1543.299,25.84822552391387
1543.954,25.840346524386735
1544.588,25.860238107410243
1545.229,25.906722829008086
1545.879,25.97846981956398
1546.5279999999998,26.074045879914095
1547.1689999999999,26.19184503816338
1547.808,26.32996976957512
1548.4579999999999,26.486274549358992
1549.108,26.658523158990505
1549.749,26.844470304350345
1550.399,27.04193418402009
1551.039,27.248947971290598
1551.6889999999999,27.46386314724452
1552.329,27.68529295678517
1552.969,27.91197351508737
1553.629,28.142757301681215
1554.2779999999998,28.376665133671207
1554.9279999999999,28.612785267026464
1555.57,28.850184134784275
1556.2179999999998,29.087944590718845
1556.869,29.325199730101087
1557.519,29.561104258226337
1558.1589999999999,29.794780133300726
1558.799,30.025356512648383
1559.4489999999998,30.252063424466513
1560.109,30.47413894020513
1560.759,30.690601696974078
1561.4089999999999,30.900139557469558
1562.049,31.101130727527
1562.6879999999999,31.29169416564178
1563.339,31.469765517180264
1563.989,31.633195046830835
1564.629,31.779835129358425
1565.269,31.907705331939272
1565.9189999999999,32.015195532891035
1566.569,32.101067842747355
1567.2089999999998,32.164310136172624
1567.849,32.204180348959476
1568.5,32.220564355440054
1569.148,32.21434531183984
1569.8,32.18748871654581
1570.4379999999999,32.142934182490485
1571.088,32.08443389951394
1571.7379999999998,32.01634507323331
1572.389,31.943324857881578
1573.0279999999998,31.869883164244587
1573.6779999999999,31.79998830779654
1574.318,31.736926287967332
1574.9679999999998,31.68332663676358
1575.628,31.641305981559547
1576.2779999999998,31.61277278334132
1576.9279999999999,31.59969715852423
1577.578,31.60411475135482
1578.219,31.627896023790637
1578.868,31.672485271038965
1579.5079999999998,31.738760676191426
1580.158,31.82700226243738
1580.799,31.93695537293216
1581.4489999999998,32.06794891042815
1582.089,32.21900280976592
1582.7379999999998,32.38895444855715
1583.378,32.576542585721455
1584.0179999999998,32.78033666813797
1584.6689999999999,32.998646910234385
1585.308,33.22959301346888
1585.9579999999999,33.471166599330786
1586.598,33.72114193977672
1587.2479999999998,33.97702848380522
1587.889,34.23614809169305
1588.5379999999998,34.495734288272075
1589.1779999999999,34.75305023039071
1589.829,35.00546401686388
1590.469,35.25048580459351
1591.118,35.485858377111185
1591.759,35.709577550796766
1592.4089999999999,35.91982135090287
1593.058,36.11488664652738
1593.7079999999999,36.29313279862886
1594.348,36.452961036261804
1594.999,36.59285462863216
1595.648,36.71147236006053
1596.289,36.807642556362154
1596.9389999999999,36.8801236798255
1597.618,36.92742314577269
1598.257,36.947902038020366
1598.9089999999999,36.939927200532196
1599.558,36.902005704741875
1600.1989999999998,36.83307763834695
1600.838,36.73280054502478
1601.489,36.601561938131255
1602.138,36.44028088961053
1602.7779999999998,36.25014151682482
1603.4289999999999,36.03244317415667
1604.058,35.78870036541125
1604.6989999999998,35.520787224476315
1605.359,35.23094528244813
1606.009,34.92172881862938
1606.648,34.59592463984799
1607.319,34.25644983992605
1607.9579999999999,33.90626000277871
1608.618,33.54823813060831
1609.2579999999998,33.185067401781076
1609.9089999999999,32.81911979055735
1610.547,32.45235956126306
1611.1979999999999,32.086289826478094
1611.848,31.721995873891096
1612.4979999999998,31.36021532079358
1613.139,31.00140234991461
1613.789,30.645990348061993
1614.4279999999999,30.294711015639507
1615.089,29.94849453349415
1615.7479999999998,29.60805924289749
1616.389,29.273609459710205
1617.029,28.944660124573733
1617.6789999999999,28.619945603762748
1618.329,28.297432696463215
1618.969,27.9744256249634
1619.628,27.647838971171456
1620.279,27.314529381941185
1620.9389999999999,26.971530960776512
1621.599,26.616233107250537
1622.239,26.24647707334676
1622.879,25.860550879801266
1623.5179999999998,25.45715282276923
1624.1689999999999,25.035356597857216
1624.828,24.594578017668056
1625.469,24.13454329794544
1626.118,23.655258886286916
1626.759,23.156982806237963
1627.408,22.640197488405875
1628.049,22.105584059056852
1628.6979999999999,21.55399805549935
1629.338,20.986446536424793
1629.9879999999998,20.404066554285833
1630.628,19.80810495575283
1631.279,19.199899475311113
1631.9279999999999,18.580861086152375
1632.578,17.952457571680583
1633.219,17.31619828020122
1633.87,16.673620024697563
1634.5179999999998,16.026274089022166
1635.1689999999999,15.37580174083222
1635.808,14.724145518545567
1636.4579999999999,14.073645471226696
1637.119,13.427003997222926
1637.759,12.787455584676245
1638.408,12.15894101093035
1639.068,11.545846839913159
1639.7079999999999,10.952567382774182
1640.359,10.383408777715736
1641.0079999999998,9.842708063978463
1641.649,9.334849515939542
1642.2979999999998,8.864306827285018
1642.9489999999998,8.435736909755521
1643.598,8.053972750217604
1644.2479999999998,7.723810673097516
1644.886,7.449559559512611
1645.5339999999999,7.234733301323725
1646.181,7.082105176433691
1646.818,6.993760564091527
1647.465,6.971031385696499
1648.1129999999998,7.014560066557092
1648.75,7.124419121955663
1649.399,7.30004588549257
1650.039,7.5401897164329705
1650.6879999999999,7.843103930120643
1651.328,8.206806529494235
1651.98,8.629195737090662
1652.63,9.108007514292662
1653.279,9.640750664264814
1653.921,10.224739278990675
1654.569,10.85712340235898
1655.23,11.53480134833475
1655.869,12.254432376066553
1656.509,13.012654418237961
1657.1589999999999,13.806247887398943
1657.809,14.632163259844074
1658.4489999999998,15.487428284744016
1659.1,16.368949695254774
1659.7479999999998,17.273456529935935
1660.401,18.19762708767741
1661.039,19.138172886965442
1661.69,20.09185494017038
1662.34,21.055556792502195
1662.979,22.02649449884039
1663.639,23.00240002165574
1664.289,23.98147570405197
1664.9289999999999,24.962234517818505
1665.579,25.94332811098258
1666.229,26.92336531926837
1666.889,27.900811042629996
1667.539,28.873985913758787
1668.18,29.84106745091675
1668.829,30.80006339824378
1669.469,31.74881906566205
1670.119,32.68505463706276
1670.769,33.60637037103819
1671.4189999999999,34.510136036768415
1672.069,35.39327911888698
1672.7089999999998,36.2521602762533
1673.379,37.08258508403581
1674.03,37.879819420809476
1674.6889999999999,38.638637230129966
1675.33,39.35357147780285
1675.969,40.01934252947207
1676.62,40.63117750335285
1677.269,41.18488529180659
1677.9089999999999,41.6768903043717
1678.559,42.10434600355904
1679.2089999999998,42.46514293121725
1679.86,42.75776516338447
1680.499,42.98124717714304
1681.149,43.135306896279566
1681.789,43.22045809785447
1682.4289999999999,43.23795787834382
1683.078,43.18972545626587
1683.729,43.07835272122965
1684.369,42.906991434173335
1685.009,42.679103193877495
1685.6589999999999,42.39835245021458
1686.31,42.06856811037565
1686.9489999999998,41.693590999851224
1687.589,41.277196649694154
1688.24,40.82320167860555
1688.89,40.335556420571336
1689.529,39.81830812892214
1690.1789999999999,39.27547943524871
1690.819,38.710960405003675
1691.469,38.12844254965777
1692.109,37.53139036826411
1692.761,36.92310453970518
1693.399,36.30680722475962
1694.039,35.68571711551435
1694.6889999999999,35.063144042243295
1695.33,34.442483529732776
1695.979,33.82706484649603
1696.62,33.21992926851779
1697.269,32.62363592566203
1697.91,32.040180942863664
1698.559,31.4710172170061
1699.1989999999998,30.917017193480287
1699.849,30.378269195766798
1700.489,29.853903515792794
1701.139,29.342179415527394
1701.789,28.840743499138316
1702.4289999999999,28.34686259264819
1703.07,27.85763252974803
1703.719,27.370193351004875
1704.369,26.88189028408676
1705.019,26.390356538651943
1705.6589999999999,25.893701357288457
1706.31,25.391110018134597
1706.9489999999998,24.883365304679963
1707.599,24.372508581840172
1708.239,23.861123182860528
1708.889,23.351989337702477
1709.539,22.84801094249242
1710.1789999999999,22.352120251257862
1710.819,21.86716378691079
1711.47,21.395918275276145
1712.119,20.94113370597469
1712.759,20.50548342207221
1713.4,20.091520040890227
1714.049,19.701666013835506
1714.68,19.33823483343558
1715.309,19.003537431453363
1715.9489999999998,18.70000463700498
1716.599,18.430177143135317
1717.239,18.196607824164673
1717.89,18.001833198797346
1718.539,17.848376938128737
1719.1789999999999,17.73857758574351
1719.829,17.674291699496916
1720.479,17.65675172734523
1721.119,17.686561525538234
1721.769,17.76369685598828
1722.4089999999999,17.887539564057146
1723.069,18.056941347754055
1723.72,18.27031328130066
1724.359,18.525766646734517
1725.0,18.82121061563645
1725.651,19.154323771545563
1726.299,19.52247292807264
1726.9389999999999,19.922586133024648
1727.59,20.350869713276445
1728.23,20.80250660095171
1728.88,21.271602911939954
1729.519,21.751354097667427
1730.1689999999999,22.234374589441817
1730.81,22.71314020734346
1731.4589999999998,23.180351937807636
1732.109,23.629256804095967
1732.7579999999998,24.0541033055896
1733.398,24.450478800826808
1734.0379999999998,24.81507365751339
1734.6889999999999,25.14514536296255
1735.34,25.438217303505017
1735.979,25.691957488191203
1736.619,25.904129376611735
1737.27,26.072664924684975
1737.9229999999998,26.195757401399796
1738.559,26.2719126096614
1739.21,26.30002127004687
1739.849,26.279420303115693
1740.5,26.209885476853145
1741.15,26.091592623359553
1741.79,25.92508047342124
1742.4279999999999,25.711215104684
1743.079,25.451155996160793
1743.72,25.146323678847693
1744.37,24.798368969316556
1745.0179999999998,24.409143770316767
1745.6589999999999,23.980673419669174
1746.299,23.51513056608581
1746.95,23.014810548012868
1747.599,22.482108249181685
1748.239,21.919496402272614
1748.88,21.329505309957334
1749.53,20.714703950592288
1750.1789999999999,20.077682433994738
1750.819,19.421035771046775
1751.4589999999998,18.747348919344006
1752.111,18.059183065736065
1752.76,17.359063105395684
1753.4,16.64946627600151
1754.039,15.933045076681195
1754.69,15.213171718195216
1755.339,14.494208201946211
1755.979,13.781357350771204
1756.629,13.080465787304906
1757.279,12.397669238004116
1757.94,11.7390470406853
1758.589,11.110637062813312
1759.239,10.518593485309417
1759.89,9.969177934108117
1760.529,9.46842880298535
1761.1789999999999,9.021665828466045
1761.819,8.633261211287582
1762.469,8.306705988882637
1763.12,8.044674189997545
1763.76,7.848997315885966
1764.4089999999999,7.720560121944603
1765.049,7.659069683628616
1765.6989999999998,7.6628312597504324
1766.34,7.728823579038361
1766.979,7.853154531475939
1767.63,8.03158689266535
1768.28,8.259830585960293
1768.934,8.533714373258908
1769.569,8.849337372664673
1770.219,9.203143323028833
1770.849,9.591955243278068
1771.489,10.012945676124023
1772.139,10.463521113400244
1772.779,10.941189821253793
1773.4289999999999,11.443445113827622
1774.069,11.967633960312746
1774.719,12.510813651294919
1775.359,13.069686488478558
1776.011,13.640603842429828
1776.65,14.219573144703734
1777.299,14.802296643411683
1777.94,15.384267105369258
1778.589,15.960913088967956
1779.23,16.527728594173187
1779.879,17.08032967972664
1780.519,17.61447537778253
1781.1689999999999,18.12614437610109
1781.809,18.611689416529483
1782.4589999999998,19.0679132836692
1783.1,19.49198754509659
1783.75,19.881378855186266
1784.389,20.233898984603893
1785.099,20.547746930798866
1785.809,20.821485353970143
1786.4489999999998,21.054017475400673
1787.099,21.244447886877342
1787.749,21.39190024464765
1788.39,21.495560585543494
1789.039,21.554890140363806
1789.69,21.569840274895466
1790.329,21.540892744302756
1790.979,21.468828888946337
1791.799,21.354582012673298
1792.4479999999999,21.199309894286845
1793.1,21.004340239618458
1793.7479999999998,20.771033586029624
1794.39,20.50089501377938
1795.04,20.195816989435475
1795.69,19.858057085476883
1796.328,19.489923673624503
1796.979,19.093497830710824
1797.628,18.670651582527746
1798.269,18.22323996212706
1798.9089999999999,17.75318263679032
1799.559,17.262447535168846
1800.2089999999998,16.753035596849216
1800.85,16.226966615455808
